{
    "ABDUS SALAM LIBRARY": {
        "x": 32.174,
        "y": -15.047,
        "z": -3.2,
        "angle": 1.24526
    },
    "SHERFIELD": {
        "x": 89.7269,
        "y": -5.74906,
        "z": -6.4,
        "angle": 1.24526
    },
    "DYSON": {
        "x": -109.887,
        "y": -15.2134,
        "z": -3.2,
        "angle": 0.829865
    },
    "BLACKETT": {
        "x": 97.0498,
        "y": 23.6339,
        "z": -6.4,
        "angle": 1.53023
    },
    "BESSEMER": {
        "x": -79.6565,
        "y": -42.2084,
        "z": 0,
        "angle": 1.411
    },
    "FACULTY BUILDING": {
        "x": -61.8571,
        "y": -27.4108,
        "z": 0,
        "angle": 0
    },
    "RODERIC HILL": {
        "x": 63.8009,
        "y": -29.6683,
        "z": -3.2,
        "angle": 0.362911
    },
    "SKEMPTON BUILDING": {
        "x": -67.395,
        "y": -11.9391,
        "z": -6.4,
        "angle": 0.8
    },
    "SIR ERNST CHAIN": {
        "x": 24.0304,
        "y": 13.1557,
        "z": -3.2,
        "angle": 0.605
    },
    "ACE EXTENSION": {
        "x": -6.50883,
        "y": -16.2743,
        "z": -3.2,
        "angle": 0.362911
    },
    "BONE": {
        "x": 46.4237,
        "y": -19.27,
        "z": -3.2,
        "angle": 0.362911
    },
    "HUXLEY": {
        "x": 155,
        "y": 53.8,
        "z": -6.4,
        "angle": 1.6
    },
    "CHEMISTRY": {
        "x": 140.956,
        "y": 30.5019,
        "z": -3.2,
        "angle": 0.9
    },
    "SIR ALEXANDER FLEMING BUILDING": {
        "x": 33.217,
        "y": -157.586,
        "z": -3.2,
        "angle": -179
    },
    "CITY AND GUILDS": {
        "x": 151.383,
        "y": -170.664,
        "z": -6.4,
        "angle": 91.5
    },
    "BUSINESS SCHOOL": {
        "x": 269.842,
        "y": -173.249,
        "z": -3.2,
        "angle": 91.5
    },
    "ROYAL SCHOOL OF MINES": {
        "x": -175.788,
        "y": -85.1943,
        "z": -9.6,
        "angle": 1.8
    },
    "ELECTRICAL ENGINEERING": {
        "x": -19645.140136466885,
        "y": 5721051.96845414,
        "z": -3.2,
        "angle": 0.8
    }


}